<?xml version="1.0" encoding="UTF-8"?>
<project-private xmlns="http://www.netbeans.org/ns/project-private/1">
    <editor-bookmarks xmlns="http://www.netbeans.org/ns/editor-bookmarks/2" lastBookmarkId="0"/>
    <open-files xmlns="http://www.netbeans.org/ns/projectui-open-files/2">
        <group/>
        <group name="Packt JavaFX 8 Essentials">
            <file>file:/Users/mohamed_taman/Google%20Drive/Books%20Revision%20&amp;%20Authoring/Packt%20Publishing/Authoring/JavaFX%208%20Essentials/Chapters/Code/Chapter%203/src/packt/taman/jfx8/ch3/controllers/BaseController.java</file>
            <file>file:/Users/mohamed_taman/Google%20Drive/Books%20Revision%20&amp;%20Authoring/Packt%20Publishing/Authoring/JavaFX%208%20Essentials/Chapters/Code/Chapter%203/src/packt/taman/jfx8/ch3/model/Note.java</file>
            <file>file:/Users/mohamed_taman/Google%20Drive/Books%20Revision%20&amp;%20Authoring/Packt%20Publishing/Authoring/JavaFX%208%20Essentials/Chapters/Code/Chapter%203/src/packt/taman/jfx8/ch3/controllers/ui/AddEditUIController.java</file>
            <file>file:/Users/mohamed_taman/Google%20Drive/Books%20Revision%20&amp;%20Authoring/Packt%20Publishing/Authoring/JavaFX%208%20Essentials/Chapters/Code/Chapter%203/src/packt/taman/jfx8/ch3/controllers/ui/ListNotesUIController.java</file>
        </group>
    </open-files>
</project-private>
